[

    {
        "userid":1,
        "name":"vastav",
        "Email":"vastav@gmail.com",
        "Password":"123456",
        "Address":"ahmedabad",
        "PhoneNo":"8899988888",
        "Gender":"male",
        "Qualification":["BE","DIPLOMA"],
        "Hobbies":"cricket",
        "Files":"http://via.placeholder.com/640x360",
        "Notification":"ON",
        "Status":"Active"
    },
    {
        "userid":2,
        "name":"amit",
        "Email":"amit@gmail.com",
        "Password":"234567",
        "Address":"ahmedabad",
        "PhoneNo":"8899988888",
        "Gender":"male",
        "Qualification":["BE","DIPLOMA"],
        "Hobbies":"cricket",
        "Files":"http://via.placeholder.com/640x360",
        "Notification":"ON",
        "Status":"Active"
        
    },
    {
        "userid":3,
        "name":"nikhil",
        "Email":"nikhil@gmail.com",
        "Password":"345678",
        "Address":"ahmedabad",
        "PhoneNo":"8899988888",
        "Gender":"male",
        "Qualification":["BE","DIPLOMA"],
        "Hobbies":"cricket",
        "Files":"http://via.placeholder.com/640x360",
        "Notification":"ON",
        "Status":"Active"
        
    },
    {
        "userid":4,
        "name":"manish",
        "Email":"manish@gmail.com",
        "Password":"456789",
        "Address":"ahmedabad",
        "PhoneNo":"8899988888",
        "Gender":"male",
        "Qualification":["BE","DIPLOMA","BCA"],
        "Hobbies":"cricket",
        "Files":"http://via.placeholder.com/640x360",
        "Notification":"ON",
        "Status":"Active"
        
    }

]